feature,bin,lo,hi,logodds,points
EXT_SOURCE_3,0,-inf,0.0747,0.0535,-2.0
EXT_SOURCE_3,1,0.0747,0.171,-0.5275,15.0
EXT_SOURCE_3,2,0.171,0.1793,-0.5554,16.0
EXT_SOURCE_3,3,0.1793,0.1958,-0.63,18.0
EXT_SOURCE_3,4,0.1958,0.4023,-0.9414,27.0
EXT_SOURCE_3,5,0.4023,0.404,-1.1012,32.0
EXT_SOURCE_3,6,0.404,0.475,-1.3265,38.0
EXT_SOURCE_3,7,0.475,0.4876,-1.387,40.0
EXT_SOURCE_3,8,0.4876,0.5665,-1.4685,42.0
EXT_SOURCE_3,9,0.5665,0.5963,-1.6738,48.0
EXT_SOURCE_3,10,0.5963,0.7303,-1.7569,51.0
EXT_SOURCE_3,11,0.7303,0.751,-2.2047,64.0
EXT_SOURCE_3,12,0.751,0.7875,-2.3118,67.0
EXT_SOURCE_3,13,0.7875,inf,-2.8239,81.0
EXT_SOURCE_1,0,-inf,0.0866,0.537,-15.0
EXT_SOURCE_1,1,0.0866,0.1432,0.7023,-20.0
EXT_SOURCE_1,2,0.1432,0.1456,0.4859,-14.0
EXT_SOURCE_1,3,0.1456,0.1721,0.3862,-11.0
EXT_SOURCE_1,4,0.1721,0.1764,0.1535,-4.0
EXT_SOURCE_1,5,0.1764,0.2921,0.0391,-1.0
EXT_SOURCE_1,6,0.2921,0.3078,0.0137,-0.0
EXT_SOURCE_1,7,0.3078,0.4096,-0.0074,0.0
EXT_SOURCE_1,8,0.4096,0.4486,-0.0948,3.0
EXT_SOURCE_1,9,0.4486,0.4515,-0.1662,5.0
EXT_SOURCE_1,10,0.4515,0.4563,-0.2532,7.0
EXT_SOURCE_1,11,0.4563,0.5556,-0.3805,11.0
EXT_SOURCE_1,12,0.5556,0.8337,-0.4314,12.0
EXT_SOURCE_1,13,0.8337,inf,-0.8148,24.0
EXT_SOURCE_2,0,-inf,0.0615,0.0798,-2.0
EXT_SOURCE_2,1,0.0615,0.0822,-0.1882,5.0
EXT_SOURCE_2,2,0.0822,0.1533,-0.4908,14.0
EXT_SOURCE_2,3,0.1533,0.1622,-0.6204,18.0
EXT_SOURCE_2,4,0.1622,0.3534,-0.6445,19.0
EXT_SOURCE_2,5,0.3534,0.4511,-0.9259,27.0
EXT_SOURCE_2,6,0.4511,0.5993,-1.0442,30.0
EXT_SOURCE_2,7,0.5993,0.6167,-1.1214,32.0
EXT_SOURCE_2,8,0.6167,0.6589,-1.2074,35.0
EXT_SOURCE_2,9,0.6589,0.6604,-1.3108,38.0
EXT_SOURCE_2,10,0.6604,0.6727,-1.4131,41.0
EXT_SOURCE_2,11,0.6727,0.7059,-1.5093,44.0
EXT_SOURCE_2,12,0.7059,0.7071,-1.7611,51.0
EXT_SOURCE_2,13,0.7071,0.7086,-1.8048,52.0
EXT_SOURCE_2,14,0.7086,0.7559,-1.877,54.0
EXT_SOURCE_2,15,0.7559,inf,-2.0058,58.0
DAYS_BIRTH,0,-inf,-23463.0,-0.4355,13.0
DAYS_BIRTH,1,-23463.0,-23086.5,0.0225,-1.0
DAYS_BIRTH,2,-23086.5,-22584.5,-0.1005,3.0
DAYS_BIRTH,3,-22584.5,-20070.5,-0.206,6.0
DAYS_BIRTH,4,-20070.5,-18843.0,-0.0672,2.0
DAYS_BIRTH,5,-18843.0,-16595.5,-0.0047,0.0
DAYS_BIRTH,6,-16595.5,-16286.0,0.0169,-0.0
DAYS_BIRTH,7,-16286.0,-16241.5,0.033,-1.0
DAYS_BIRTH,8,-16241.5,-14325.0,0.1139,-3.0
DAYS_BIRTH,9,-14325.0,-12225.5,0.2351,-7.0
DAYS_BIRTH,10,-12225.5,-10487.0,-0.0046,0.0
DAYS_BIRTH,11,-10487.0,-10312.0,-0.0269,1.0
DAYS_BIRTH,12,-10312.0,-8988.0,-0.0483,1.0
DAYS_BIRTH,13,-8988.0,-8092.0,-0.4067,12.0
DAYS_BIRTH,14,-8092.0,inf,-0.5755,17.0
FLOORSMIN_AVG,0,-inf,0.0902,0.1467,-4.0
FLOORSMIN_AVG,1,0.0902,0.3784,-0.0019,0.0
FLOORSMIN_AVG,2,0.3784,0.5021,-0.404,12.0
FLOORSMIN_AVG,3,0.5021,inf,-0.7129,21.0
REGION_RATING_CLIENT,0,-inf,2.5,-0.0197,1.0
REGION_RATING_CLIENT,1,2.5,inf,0.0817,-2.0
REG_CITY_NOT_LIVE_CITY,0,-inf,0.5,-0.0201,1.0
REG_CITY_NOT_LIVE_CITY,1,0.5,inf,0.1567,-5.0
YEARS_BEGINEXPLUATATION_MODE,0,-inf,0.9596,0.1641,-5.0
YEARS_BEGINEXPLUATATION_MODE,1,0.9596,0.9864,-0.0124,0.0
YEARS_BEGINEXPLUATATION_MODE,2,0.9864,inf,0.071,-2.0
FLAG_PHONE,0,-inf,0.5,0.0571,-2.0
FLAG_PHONE,1,0.5,inf,-0.1781,5.0
YEARS_BEGINEXPLUATATION_AVG,0,-inf,0.9498,0.7836,-23.0
YEARS_BEGINEXPLUATATION_AVG,1,0.9498,0.9516,0.6959,-20.0
YEARS_BEGINEXPLUATATION_AVG,2,0.9516,0.952,0.0614,-2.0
YEARS_BEGINEXPLUATATION_AVG,3,0.952,0.9714,-0.1287,4.0
YEARS_BEGINEXPLUATATION_AVG,4,0.9714,inf,-0.0049,0.0
OWN_CAR_AGE,0,-inf,1.5,-0.0397,1.0
OWN_CAR_AGE,1,1.5,8.5,-0.0919,3.0
OWN_CAR_AGE,2,8.5,9.5,-0.0399,1.0
OWN_CAR_AGE,3,9.5,10.5,-0.0073,0.0
OWN_CAR_AGE,4,10.5,30.5,0.0992,-3.0
OWN_CAR_AGE,5,30.5,inf,0.1557,-4.0
LANDAREA_AVG,0,-inf,0.0879,0.0251,-1.0
LANDAREA_AVG,1,0.0879,0.2056,-0.243,7.0
LANDAREA_AVG,2,0.2056,inf,-0.7647,22.0
DAYS_EMPLOYED,0,-inf,-3980.0,-0.4082,12.0
DAYS_EMPLOYED,1,-3980.0,-3415.5,-0.1189,3.0
DAYS_EMPLOYED,2,-3415.5,-2650.5,-0.0438,1.0
DAYS_EMPLOYED,3,-2650.5,-1925.5,0.0336,-1.0
DAYS_EMPLOYED,4,-1925.5,-907.5,0.0998,-3.0
DAYS_EMPLOYED,5,-907.5,-143.5,0.115,-3.0
DAYS_EMPLOYED,6,-143.5,inf,-0.0772,2.0
FLOORSMAX_MODE,0,-inf,0.5625,0.0016,-0.0
FLOORSMAX_MODE,1,0.5625,inf,-0.1745,5.0
DAYS_ID_PUBLISH,0,-inf,-5365.0,0.4143,-12.0
DAYS_ID_PUBLISH,1,-5365.0,-5227.5,-0.0336,1.0
DAYS_ID_PUBLISH,2,-5227.5,-4216.5,-0.0907,3.0
DAYS_ID_PUBLISH,3,-4216.5,-4194.5,-0.049,1.0
DAYS_ID_PUBLISH,4,-4194.5,-4166.5,-0.0278,1.0
DAYS_ID_PUBLISH,5,-4166.5,-1910.5,-0.0017,0.0
DAYS_ID_PUBLISH,6,-1910.5,-73.0,0.0402,-1.0
DAYS_ID_PUBLISH,7,-73.0,inf,0.2175,-6.0
LIVINGAPARTMENTS_AVG,0,-inf,0.0317,0.0918,-3.0
LIVINGAPARTMENTS_AVG,1,0.0317,0.0676,0.0256,-1.0
LIVINGAPARTMENTS_AVG,2,0.0676,0.0885,0.124,-4.0
LIVINGAPARTMENTS_AVG,3,0.0885,0.1268,0.0744,-2.0
LIVINGAPARTMENTS_AVG,4,0.1268,0.208,0.109,-3.0
LIVINGAPARTMENTS_AVG,5,0.208,0.2639,0.1579,-5.0
LIVINGAPARTMENTS_AVG,6,0.2639,0.2854,-0.1441,4.0
LIVINGAPARTMENTS_AVG,7,0.2854,0.2976,-0.3388,10.0
LIVINGAPARTMENTS_AVG,8,0.2976,inf,-0.4629,13.0
YEARS_BUILD_MODE,0,-inf,0.853,0.0433,-1.0
YEARS_BUILD_MODE,1,0.853,0.9575,-0.5376,16.0
YEARS_BUILD_MODE,2,0.9575,inf,-0.7215,21.0
YEARS_BUILD_AVG,0,-inf,0.5206,-0.5742,17.0
YEARS_BUILD_AVG,1,0.5206,0.6022,-0.081,2.0
YEARS_BUILD_AVG,2,0.6022,0.7858,0.057,-2.0
YEARS_BUILD_AVG,3,0.7858,0.9558,-0.0005,0.0
YEARS_BUILD_AVG,4,0.9558,inf,-0.2285,7.0
LIVINGAREA_AVG,0,-inf,0.0102,-0.0197,1.0
LIVINGAREA_AVG,1,0.0102,0.1248,0.0177,-1.0
LIVINGAREA_AVG,2,0.1248,0.2318,-0.3105,9.0
LIVINGAREA_AVG,3,0.2318,0.3119,-0.0589,2.0
LIVINGAREA_AVG,4,0.3119,inf,0.2833,-8.0
ELEVATORS_AVG,0,-inf,0.0142,-0.0329,1.0
ELEVATORS_AVG,1,0.0142,inf,0.1223,-4.0
DAYS_REGISTRATION,0,-inf,-7183.5,0.0444,-1.0
DAYS_REGISTRATION,1,-7183.5,-6860.5,-0.1196,3.0
DAYS_REGISTRATION,2,-6860.5,-5538.5,-0.1532,4.0
DAYS_REGISTRATION,3,-5538.5,-5162.5,-0.0479,1.0
DAYS_REGISTRATION,4,-5162.5,-826.5,-0.0286,1.0
DAYS_REGISTRATION,5,-826.5,inf,0.1441,-4.0
