condition,PDO,grid,prob_MAD,dECE,dBrier,dAUC,AUC_delong_p,rank_reversal,grade_migration,n_distinct_scores
Baseline,10,1,0.002765,0.001153,3.6e-05,0.00301,0.002274,0.005853,0.10625,54
Baseline,10,5,0.020465,0.003813,0.001541,-0.01298,0.012418,0.036207,0.463438,11
Baseline,10,10,0.019744,-0.008922,0.000613,-0.026851,0.000434,0.044221,0.599375,6
Baseline,20,1,0.002858,0.002122,-4.9e-05,-0.0005,0.393067,0.005047,0.059375,108
Baseline,20,5,0.007549,-0.002317,0.000273,-0.000125,0.958928,0.018985,0.266875,22
Baseline,20,10,0.020465,0.003813,0.001541,-0.01298,0.012418,0.036207,0.463438,11
Baseline,40,1,0.001064,0.001036,1.4e-05,-0.000121,0.638367,0.001416,0.0275,203
Baseline,40,5,0.004062,0.005567,-0.000141,-0.000284,0.806389,0.007004,0.10875,46
Baseline,40,10,0.007549,-0.002317,0.000273,-0.000125,0.958928,0.018985,0.266875,22
H2-only,10,1,0.002943,-0.002851,3.5e-05,0.000645,0.598981,0.009412,0.111875,64
H2-only,10,5,0.013787,-0.007687,0.000651,-0.006813,0.208638,0.038812,0.459062,12
H2-only,10,10,0.024549,-0.008388,0.001389,-0.026703,0.010911,0.066638,0.64125,6
H2-only,20,1,0.001924,-0.001861,7e-06,3.5e-05,0.960104,0.006551,0.058125,122
H2-only,20,5,0.006714,-0.002978,0.000241,-0.001274,0.672051,0.022923,0.28,28
H2-only,20,10,0.013787,-0.007687,0.000651,-0.006813,0.208638,0.038812,0.459062,12
H2-only,40,1,0.000831,-0.000459,5e-06,-0.000189,0.579972,0.003483,0.030625,223
H2-only,40,5,0.003239,-0.003264,8.4e-05,-0.002023,0.14677,0.009279,0.12375,53
H2-only,40,10,0.006714,-0.002978,0.000241,-0.001274,0.672051,0.022923,0.28,28
H1-only,10,1,0.002584,-0.002798,0.000127,-0.004728,3.7e-05,0.008722,0.1,61
H1-only,10,5,0.010054,-0.003535,0.000408,-0.01661,0.000269,0.026493,0.411562,12
H1-only,10,10,0.015285,-0.008483,0.0003,-0.013598,0.04716,0.028322,0.5725,5
H1-only,20,1,0.001377,-0.000389,1.6e-05,0.000245,0.536166,0.00248,0.046875,118
H1-only,20,5,0.011492,0.004187,0.000559,0.000923,0.699996,0.016317,0.231562,23
H1-only,20,10,0.010054,-0.003535,0.000408,-0.01661,0.000269,0.026493,0.411562,12
H1-only,40,1,0.000664,-0.0005,-4e-06,0.000244,0.401055,0.002261,0.025625,225
H1-only,40,5,0.004329,0.001977,0.000282,5e-05,0.972501,0.01318,0.12625,49
H1-only,40,10,0.011492,0.004187,0.000559,0.000923,0.699996,0.016317,0.231562,23
Full,10,1,0.003306,0.003093,9.4e-05,-0.002974,0.045264,0.012496,0.11875,66
Full,10,5,0.010573,-0.003898,0.000452,-0.009113,0.029441,0.026432,0.441875,14
Full,10,10,0.018613,-0.006626,0.001421,-0.035771,1e-06,0.031564,0.572812,5
Full,20,1,0.002002,-0.000129,-0.000107,0.000961,0.111151,0.004843,0.0575,123
Full,20,5,0.009984,0.008908,0.000583,0.001712,0.517265,0.020073,0.267812,27
Full,20,10,0.010573,-0.003898,0.000452,-0.009113,0.029441,0.026432,0.441875,14
Full,40,1,0.001642,0.00265,9.2e-05,-0.000339,0.263169,0.002091,0.025,231
Full,40,5,0.003615,0.00079,3.3e-05,-0.002476,0.159658,0.015229,0.134375,53
Full,40,10,0.009984,0.008908,0.000583,0.001712,0.517265,0.020073,0.267812,27
