condition,tau,K,banding,approval_flip_rate,grade_migration
Baseline,50,5,equal-width,0.01125,0.02938
Baseline,50,5,equal-frequency,0.01125,0.03875
Baseline,50,7,equal-width,0.01125,0.03531
Baseline,50,7,equal-frequency,0.01125,0.05938
Baseline,50,10,equal-width,0.01125,0.05406
Baseline,50,10,equal-frequency,0.01125,0.08
Baseline,60,5,equal-width,0.01,0.02938
Baseline,60,5,equal-frequency,0.01,0.03875
Baseline,60,7,equal-width,0.01,0.03531
Baseline,60,7,equal-frequency,0.01,0.05938
Baseline,60,10,equal-width,0.01,0.05406
Baseline,60,10,equal-frequency,0.01,0.08
Baseline,70,5,equal-width,0.00875,0.02938
Baseline,70,5,equal-frequency,0.00875,0.03875
Baseline,70,7,equal-width,0.00875,0.03531
Baseline,70,7,equal-frequency,0.00875,0.05938
Baseline,70,10,equal-width,0.00875,0.05406
Baseline,70,10,equal-frequency,0.00875,0.08
Baseline,80,5,equal-width,0.00531,0.02938
Baseline,80,5,equal-frequency,0.00531,0.03875
Baseline,80,7,equal-width,0.00531,0.03531
Baseline,80,7,equal-frequency,0.00531,0.05938
Baseline,80,10,equal-width,0.00531,0.05406
Baseline,80,10,equal-frequency,0.00531,0.08
Baseline,90,5,equal-width,0.00375,0.02938
Baseline,90,5,equal-frequency,0.00375,0.03875
Baseline,90,7,equal-width,0.00375,0.03531
Baseline,90,7,equal-frequency,0.00375,0.05938
Baseline,90,10,equal-width,0.00375,0.05406
Baseline,90,10,equal-frequency,0.00375,0.08
H2-only,50,5,equal-width,0.01156,0.02969
H2-only,50,5,equal-frequency,0.01156,0.04125
H2-only,50,7,equal-width,0.01156,0.0375
H2-only,50,7,equal-frequency,0.01156,0.05812
H2-only,50,10,equal-width,0.01156,0.05625
H2-only,50,10,equal-frequency,0.01156,0.08875
H2-only,60,5,equal-width,0.01062,0.02969
H2-only,60,5,equal-frequency,0.01062,0.04125
H2-only,60,7,equal-width,0.01062,0.0375
H2-only,60,7,equal-frequency,0.01062,0.05812
H2-only,60,10,equal-width,0.01062,0.05625
H2-only,60,10,equal-frequency,0.01062,0.08875
H2-only,70,5,equal-width,0.00875,0.02969
H2-only,70,5,equal-frequency,0.00875,0.04125
H2-only,70,7,equal-width,0.00875,0.0375
H2-only,70,7,equal-frequency,0.00875,0.05812
H2-only,70,10,equal-width,0.00875,0.05625
H2-only,70,10,equal-frequency,0.00875,0.08875
H2-only,80,5,equal-width,0.00906,0.02969
H2-only,80,5,equal-frequency,0.00906,0.04125
H2-only,80,7,equal-width,0.00906,0.0375
H2-only,80,7,equal-frequency,0.00906,0.05812
H2-only,80,10,equal-width,0.00906,0.05625
H2-only,80,10,equal-frequency,0.00906,0.08875
H2-only,90,5,equal-width,0.00625,0.02969
H2-only,90,5,equal-frequency,0.00625,0.04125
H2-only,90,7,equal-width,0.00625,0.0375
H2-only,90,7,equal-frequency,0.00625,0.05812
H2-only,90,10,equal-width,0.00625,0.05625
H2-only,90,10,equal-frequency,0.00625,0.08875
H1-only,50,5,equal-width,0.01156,0.01312
H1-only,50,5,equal-frequency,0.01156,0.03188
H1-only,50,7,equal-width,0.01156,0.02688
H1-only,50,7,equal-frequency,0.01156,0.04688
H1-only,50,10,equal-width,0.01156,0.03344
H1-only,50,10,equal-frequency,0.01156,0.0575
H1-only,60,5,equal-width,0.01094,0.01312
H1-only,60,5,equal-frequency,0.01094,0.03188
H1-only,60,7,equal-width,0.01094,0.02688
H1-only,60,7,equal-frequency,0.01094,0.04688
H1-only,60,10,equal-width,0.01094,0.03344
H1-only,60,10,equal-frequency,0.01094,0.0575
H1-only,70,5,equal-width,0.0025,0.01312
H1-only,70,5,equal-frequency,0.0025,0.03188
H1-only,70,7,equal-width,0.0025,0.02688
H1-only,70,7,equal-frequency,0.0025,0.04688
H1-only,70,10,equal-width,0.0025,0.03344
H1-only,70,10,equal-frequency,0.0025,0.0575
H1-only,80,5,equal-width,0.00344,0.01312
H1-only,80,5,equal-frequency,0.00344,0.03188
H1-only,80,7,equal-width,0.00344,0.02688
H1-only,80,7,equal-frequency,0.00344,0.04688
H1-only,80,10,equal-width,0.00344,0.03344
H1-only,80,10,equal-frequency,0.00344,0.0575
H1-only,90,5,equal-width,0.00438,0.01312
H1-only,90,5,equal-frequency,0.00438,0.03188
H1-only,90,7,equal-width,0.00438,0.02688
H1-only,90,7,equal-frequency,0.00438,0.04688
H1-only,90,10,equal-width,0.00438,0.03344
H1-only,90,10,equal-frequency,0.00438,0.0575
Full,50,5,equal-width,0.01406,0.02031
Full,50,5,equal-frequency,0.01406,0.03812
Full,50,7,equal-width,0.01406,0.03094
Full,50,7,equal-frequency,0.01406,0.0575
Full,50,10,equal-width,0.01406,0.04188
Full,50,10,equal-frequency,0.01406,0.07812
Full,60,5,equal-width,0.00875,0.02031
Full,60,5,equal-frequency,0.00875,0.03812
Full,60,7,equal-width,0.00875,0.03094
Full,60,7,equal-frequency,0.00875,0.0575
Full,60,10,equal-width,0.00875,0.04188
Full,60,10,equal-frequency,0.00875,0.07812
Full,70,5,equal-width,0.01031,0.02031
Full,70,5,equal-frequency,0.01031,0.03812
Full,70,7,equal-width,0.01031,0.03094
Full,70,7,equal-frequency,0.01031,0.0575
Full,70,10,equal-width,0.01031,0.04188
Full,70,10,equal-frequency,0.01031,0.07812
Full,80,5,equal-width,0.0075,0.02031
Full,80,5,equal-frequency,0.0075,0.03812
Full,80,7,equal-width,0.0075,0.03094
Full,80,7,equal-frequency,0.0075,0.0575
Full,80,10,equal-width,0.0075,0.04188
Full,80,10,equal-frequency,0.0075,0.07812
Full,90,5,equal-width,0.00844,0.02031
Full,90,5,equal-frequency,0.00844,0.03812
Full,90,7,equal-width,0.00844,0.03094
Full,90,7,equal-frequency,0.00844,0.0575
Full,90,10,equal-width,0.00844,0.04188
Full,90,10,equal-frequency,0.00844,0.07812
